id;name;fone;email
1;Jardim;Borracha ad;Roberto.Macedo@live.com
2;Aço;Alameda Masculino;Kleber63@hotmail.com
3;Lindo;Uganda Macio;Alicia.Moreira65@gmail.com
4;Calças;Fantástico Fresco Engenheiro;Aline.Nogueira@live.com
5;Diretor Grupo pele;Malásia laboriosam;JoaoMiguel11@gmail.com
6;cupiditate Jóias mão;Dinâmico Feminino Táticas;Maite38@yahoo.com
7;Reino;Libéria Madeira turquesa;Lorenzo.Martins@live.com
8;Masculino Funcionalidade;ouro Lindo Alameda;Leonardo.Barros0@live.com
9;Congelado Peixe Algodão;Camiseta Grosso Táticas;Roberta.Santos58@live.com
10;Feminino quidem;Feminino mollitia;Roberto_Carvalho@live.com
